saint_id,image_path,license,credit,source
OS-0001,icons/permission/theophany-works/OS-0001.jpg,Permission:theophany-works,,https://theophanyworks.com/icon-of-the-sweet-kissing-theotokos-glykophiloussa-detail-21st-c-00vmt002/
OS-0002,icons/permission/theophany-works/OS-0002.jpg,Permission:theophany-works,,https://theophanyworks.com/st-john-the-baptist-00stjb06/
OS-0012,icons/permission/theophany-works/OS-0012.jpg,Permission:theophany-works,,https://theophanyworks.com/icon-of-st-george-the-trophy-bearer-00stge01/
OS-0013,icons/permission/theophany-works/OS-0013.jpg,Permission:theophany-works,,https://theophanyworks.com/icon-of-st-demetrios-the-myrrh-streamer-00stde02/
OS-0014,icons/permission/theophany-works/OS-0014.jpg,Permission:theophany-works,,https://theophanyworks.com/icon-of-st-panteleimon-the-unmercenary-00stpn01/
OS-0015,icons/permission/theophany-works/OS-0015.jpg,Permission:theophany-works,,https://theophanyworks.com/icon-of-st-catherine-the-great-martyr-00stcg01/
OS-0016,icons/permission/theophany-works/OS-0016.jpg,Permission:theophany-works,,https://theophanyworks.com/icon-of-st-barbara-the-great-martyr-00stba01/
OS-0019,icons/permission/theophany-works/OS-0019.jpg,Permission:theophany-works,,https://theophanyworks.com/icon-st-nicholas-of-myra-the-wonderworker-00stni03/
OS-0021,icons/permission/theophany-works/OS-0021.jpg,Permission:theophany-works,,https://theophanyworks.com/icon-st-basil-the-great-liturgizing-00stbg01/
OS-0023,icons/permission/theophany-works/OS-0023.jpg,Permission:theophany-works,,https://theophanyworks.com/icon-of-st-john-chrysostom-russian-00stjc02/
OS-0026,icons/permission/theophany-works/OS-0026.jpg,Permission:theophany-works,,https://theophanyworks.com/icon-of-st-anthony-the-great-00stag01/
OS-0027,icons/permission/theophany-works/OS-0027.jpg,Permission:theophany-works,,https://theophanyworks.com/icon-of-st-mary-of-egypt-21st-c-00stme06/
OS-0037,icons/permission/theophany-works/OS-0037.jpg,Permission:theophany-works,,https://theophanyworks.com/icon-of-st-constantine-the-great-00stco01/
OS-0038,icons/permission/theophany-works/OS-0038.jpg,Permission:theophany-works,,https://theophanyworks.com/icon-of-sts-cyril-and-methodius-00stcm02/
OS-0039,icons/OS-0039.jpg,PD-art,,https://commons.wikimedia.org/wiki/File:Saint_Nino.jpg
OS-0042,icons/OS-0042.jpg,PD-old,,https://commons.wikimedia.org/wiki/File:Dmitry_Stelletski_Icon_of_Sergius_of_Radonezh.jpg
OS-0043,icons/permission/theophany-works/OS-0043.jpg,Permission:theophany-works,,https://theophanyworks.com/icon-of-st-seraphim-of-sarov-00stsv01/
OS-0046,icons/permission/theophany-works/OS-0046.jpg,Permission:theophany-works,,https://theophanyworks.com/icon-of-st-nektarios-of-aegina-00stna01/
OS-0047,icons/permission/theophany-works/OS-0047.jpg,Permission:theophany-works,,https://theophanyworks.com/icon-of-st-xenia-of-saint-petersburg-21st-c-00stxp01/
OS-0048,icons/OS-0048.jpg,CC0,,https://commons.wikimedia.org/wiki/File:Icons_of_Matrona_of_Moscow_(Wittgenstein)-6.jpg
OS-0003,icons/OS-0003.jpg,PD-art,,https://commons.wikimedia.org/wiki/File:Fyodor_Zubov.Andrew_the_Apostle.1669.jpg
OS-0004,icons/permission/theophany-works/OS-0004.jpg,Permission:theophany-works,,https://theophanyworks.com/icon-of-st-peter-the-apostle-00stpe02/
OS-0005,icons/permission/theophany-works/OS-0005.jpg,Permission:theophany-works,,https://theophanyworks.com/icon-of-st-john-the-theologian-21st-c-00stjt01/
OS-0006,icons/permission/theophany-works/OS-0006.jpg,Permission:theophany-works,,https://theophanyworks.com/icon-of-st-luke-the-evangelist-21st-c-00stle01/
OS-0007,icons/permission/theophany-works/OS-0007.jpg,Permission:theophany-works,,https://theophanyworks.com/icon-of-st-mary-magdalen-00stmm01/
OS-0009,icons/permission/theophany-works/OS-0009.jpg,Permission:theophany-works,,https://theophanyworks.com/icon-of-st-stephen-the-protomartyr-00stsp02/
OS-0011,icons/permission/theophany-works/OS-0011.jpg,Permission:theophany-works,,https://theophanyworks.com/icon-of-st-joachim-00stjo01/
OS-0017,icons/permission/theophany-works/OS-0017.jpg,Permission:theophany-works,,https://theophanyworks.com/icon-of-st-marina-the-demon-slayer-21st-c-00stmd02/
OS-0018,icons/permission/theophany-works/OS-0018.jpg,Permission:theophany-works,,https://theophanyworks.com/icon-of-st-theodore-the-tyron-00sttt01/
OS-0020,icons/permission/theophany-works/OS-0020.jpg,Permission:theophany-works,,https://theophanyworks.com/icon-of-st-spyridon-of-trimythus-00stth01/
OS-0022,icons/permission/theophany-works/OS-0022.jpg,Permission:theophany-works,,https://theophanyworks.com/icon-st-gregory-the-theologian-liturgizing-00stgt01/
OS-0024,icons/permission/theophany-works/OS-0024.jpg,Permission:theophany-works,,https://theophanyworks.com/icon-of-st-athanasios-the-great-liturgizing-00stat01/
OS-0025,icons/permission/theophany-works/OS-0025.jpg,Permission:theophany-works,,https://theophanyworks.com/icon-of-st-gregory-palamas-21st-c-00stgp01/
OS-0028,icons/OS-0028.jpg,PD-art,,https://commons.wikimedia.org/wiki/File:StPakhom.jpg
OS-0030,icons/permission/theophany-works/OS-0030.jpg,Permission:theophany-works,,https://theophanyworks.com/icon-of-st-moses-the-black-00stmb01/
OS-0031,icons/OS-0031.jpg,PD-old,,"https://commons.wikimedia.org/wiki/File:Hosios_Luka_-_Ephraim.jpg"
OS-0033,icons/OS-0033.jpg,PD-art,,https://commons.wikimedia.org/wiki/File:John_Climacus.jpg
OS-0036,icons/permission/theophany-works/OS-0036.jpg,Permission:theophany-works,,https://theophanyworks.com/icon-of-sts-cosmas-and-damian-00stcd01/
OS-0040,icons/OS-0040.jpg,PD-art,,"https://commons.wikimedia.org/wiki/File:Saint_Vladimir_icon_(GTG,_15_c.).jpg"
OS-0044,icons/permission/theophany-works/OS-0044.jpg,Permission:theophany-works,,https://theophanyworks.com/icon-of-st-herman-of-alaska-00stha02/
OS-0373,icons/OS-0373.jpg,PD-art,,"https://commons.wikimedia.org/wiki/File:Basil_of_Ancyra_by_M.Dikarev_(1890,_Hermitage).jpg"
OS-0375,icons/OS-0375.jpg,PD-art,,https://commons.wikimedia.org/wiki/File:Kath._Illustratie_1869-1870_nr_26_p.204_gravure_De_H._Telemachus.jpg
OS-0008,icons/permission/theophany-works/OS-0008.jpg,Permission:theophany-works,,https://theophanyworks.com/icon-of-st-photini-the-samaritan-woman-00stph02/
OS-0010,icons/permission/theophany-works/OS-0010.jpg,Permission:theophany-works,,https://theophanyworks.com/icon-of-st-thekla-the-protomartyr-and-equal-to-the-apostles-21st-c-00sthd02/
OS-0045,icons/permission/theophany-works/OS-0045.jpg,Permission:theophany-works,,https://theophanyworks.com/icon-of-st-john-of-kronstadt-21st-c-00stjk01/
OS-0049,icons/permission/theophany-works/OS-0049.jpg,Permission:theophany-works,,https://theophanyworks.com/icon-of-st-luke-the-surgeon-21st-c-00stls01/
OS-0050,icons/OS-0050.jpg,PD,,https://commons.wikimedia.org/wiki/File:Stjohn_shanghai.png
OS-0051,icons/permission/theophany-works/OS-0051.jpg,Permission:theophany-works,,https://theophanyworks.com/icon-of-st-paisios-the-athonite-00stpa01/
OS-0052,icons/permission/theophany-works/OS-0052.jpg,Permission:theophany-works,,https://theophanyworks.com/icon-of-st-porphyrios-of-kavsokalyvia-21st-c-00stpk01/
OS-0054,icons/permission/theophany-works/OS-0054.jpg,Permission:theophany-works,,https://theophanyworks.com/icon-of-st-innocent-of-alaska-00stin01/
OS-0056,icons/permission/theophany-works/OS-0056.jpg,Permission:theophany-works,,https://theophanyworks.com/icon-of-the-holy-prophet-elias-elijah-cretan-17th-c-00stjt02/
OS-0058,icons/permission/theophany-works/OS-0058.jpg,Permission:theophany-works,,https://theophanyworks.com/icon-of-st-phanourios-00stph01/
OS-0060,icons/permission/theophany-works/OS-0060.jpg,Permission:theophany-works,,https://theophanyworks.com/icon-of-st-paraskevi-of-rome-21th-c-00stpr07/
OS-0062,icons/permission/theophany-works/OS-0062.jpg,Permission:theophany-works,,https://theophanyworks.com/icon-of-st-stylianos-00stst01/
OS-0066,icons/permission/theophany-works/OS-0066.jpg,Permission:theophany-works,,https://theophanyworks.com/icon-of-st-modestos-of-jerusalem-00stmo01/
OS-0067,icons/permission/theophany-works/OS-0067.jpg,Permission:theophany-works,,https://theophanyworks.com/icon-of-st-haralambos-00sthr01/
OS-0070,icons/permission/theophany-works/OS-0070.jpg,Permission:theophany-works,,https://theophanyworks.com/icon-of-st-arsenios-the-cappadocian-00stac01/
OS-0073,icons/permission/theophany-works/OS-0073.jpg,Permission:theophany-works,,https://theophanyworks.com/icon-of-st-dionysios-of-zakynthos-00stdz01/
OS-0077,icons/permission/theophany-works/OS-0077.jpg,Permission:theophany-works,,https://theophanyworks.com/icon-of-st-euphrosynos-the-cook-00stec01/
OS-0079,icons/permission/theophany-works/OS-0079.jpg,Permission:theophany-works,,https://theophanyworks.com/icon-of-st-patrick-the-enlightener-of-ireland-00stpi01/
OS-0086,icons/permission/theophany-works/OS-0086.jpg,Permission:theophany-works,,https://theophanyworks.com/icon-of-sts-sophia-faith-hope-and-love-21st-c-00stsoi01/
OS-0087,icons/permission/theophany-works/OS-0087.jpg,Permission:theophany-works,,https://theophanyworks.com/icon-of-st-silouan-the-athonite-21st-c-00stsi01/
OS-0268,icons/permission/theophany-works/OS-0268.jpg,Permission:theophany-works,,https://theophanyworks.com/icon-st-kassiani-the-hymnographer-00stkh01/
OS-0374,icons/permission/theophany-works/OS-0374.jpg,Permission:theophany-works,,https://theophanyworks.com/icon-of-st-emmelia-of-caesarea-00stem01/
OS-0389,icons/permission/theophany-works/OS-0389.jpg,Permission:theophany-works,,https://theophanyworks.com/icon-of-st-nikephoros-the-leper-00stnl01/
OS-0405,icons/permission/theophany-works/OS-0405.jpg,Permission:theophany-works,,https://theophanyworks.com/icon-of-st-domnika-of-constantinople-00stdo01/
OS-0476,icons/permission/theophany-works/OS-0476.jpg,Permission:theophany-works,,https://theophanyworks.com/icon-of-st-cyril-of-alexandria-21st-c-00stca02/
OS-0494,icons/permission/theophany-works/OS-0494.jpg,Permission:theophany-works,,https://theophanyworks.com/icon-of-st-efthymios-the-great-00steg01/
OS-0503,icons/permission/theophany-works/OS-0503.jpg,Permission:theophany-works,,https://theophanyworks.com/icon-of-st-maximus-the-confessor-21st-c-00stmx01/
OS-0579,icons/permission/theophany-works/OS-0579.jpg,Permission:theophany-works,,https://theophanyworks.com/icon-of-righteous-symeon-the-god-receiver-00stsy01/
OS-0603,icons/permission/theophany-works/OS-0603.jpg,Permission:theophany-works,,https://theophanyworks.com/icon-of-st-photios-the-great-00stpg02/
OS-0611,icons/permission/theophany-works/OS-0611.jpg,Permission:theophany-works,,https://theophanyworks.com/icon-of-st-parthenios-of-lampsakos-00stpl07/
OS-0625,icons/permission/theophany-works/OS-0625.jpg,Permission:theophany-works,,https://theophanyworks.com/icon-of-st-apolonia-of-alexandria-21st-c-00stap01/
OS-0637,icons/permission/theophany-works/OS-0637.jpg,Permission:theophany-works,,https://theophanyworks.com/icon-of-st-theodora-the-empress-and-restorer-of-orthodoxy-00stth01/
OS-0666,icons/permission/theophany-works/OS-0666.jpg,Permission:theophany-works,,https://theophanyworks.com/icon-of-st-anthimos-of-chios-00stac10/
OS-0746,icons/permission/theophany-works/OS-0746.jpg,Permission:theophany-works,,https://theophanyworks.com/icon-of-st-evdoxia-of-heliopolis-21st-c-00stev01/
OS-0766,icons/permission/theophany-works/OS-0766.jpg,Permission:theophany-works,,https://theophanyworks.com/icon-of-st-gerasimos-of-the-jordan-00stgj01/
OS-0790,icons/permission/theophany-works/OS-0790.jpg,Permission:theophany-works,,https://theophanyworks.com/icon-of-st-paul-the-simple-20th-c-00stps01/
OS-0971,icons/permission/theophany-works/OS-0971.jpg,Permission:theophany-works,,https://theophanyworks.com/icon-of-sts-raphael-nicholas-and-irene-21st-c-00stnri01/
OS-1011,icons/permission/theophany-works/OS-1011.jpg,Permission:theophany-works,,https://theophanyworks.com/icon-of-sts-zosimas-and-sabbatius-of-solovki-russian-17th-c-00stja01/
OS-1061,icons/permission/theophany-works/OS-1061.jpg,Permission:theophany-works,,https://theophanyworks.com/icon-of-st-mark-the-evangelist-21st-c-00stme01/
OS-1077,icons/permission/theophany-works/OS-1077.jpg,Permission:theophany-works,,https://theophanyworks.com/icon-of-st-basil-of-ostrog-20th-c-00stbo01/
OS-1086,icons/permission/theophany-works/OS-1086.jpg,Permission:theophany-works,,https://theophanyworks.com/icon-of-the-holy-prophet-jeremiah-mt-athos-13th-c-00prje01/
OS-1118,icons/permission/theophany-works/OS-1118.jpg,Permission:theophany-works,,https://theophanyworks.com/icon-of-st-ephraim-of-nea-makri-00sten01/
OS-1135,icons/permission/theophany-works/OS-1135.jpg,Permission:theophany-works,,https://theophanyworks.com/icon-of-st-christopher-00stch01/
OS-1141,icons/permission/theophany-works/OS-1141.jpg,Permission:theophany-works,,https://theophanyworks.com/icon-of-st-isidora-the-fool-for-christ-00stis01/
OS-1225,icons/permission/theophany-works/OS-1225.jpg,Permission:theophany-works,,https://theophanyworks.com/icon-of-righteous-melchizedek-21st-c-bust-00rime02/
OS-1362,icons/permission/theophany-works/OS-1362.jpg,Permission:theophany-works,,https://theophanyworks.com/icon-of-st-jerome-21st-c-00stje01/
OS-1363,icons/permission/theophany-works/OS-1363.jpg,Permission:theophany-works,,https://theophanyworks.com/icon-of-st-lazar-the-great-martyr-of-serbia-00stls01/
OS-1391,icons/permission/theophany-works/OS-1391.jpg,Permission:theophany-works,,https://theophanyworks.com/icon-of-saint-methodios-of-olympus-00stme01/
OS-1509,icons/permission/theophany-works/OS-1509.jpg,Permission:theophany-works,,https://theophanyworks.com/icon-of-st-euphemia-00steu05/
OS-1532,icons/permission/theophany-works/OS-1532.jpg,Permission:theophany-works,,https://theophanyworks.com/icon-of-st-nikodemos-the-hagiorite-00stnh01/
OS-1548,icons/permission/theophany-works/OS-1548.jpg,Permission:theophany-works,,https://theophanyworks.com/icon-of-st-elizabeth-the-new-martyr-21st-c-00stel01/
OS-1568,icons/permission/theophany-works/OS-1568.jpg,Permission:theophany-works,,https://theophanyworks.com/icon-of-st-markella-of-chios-20th-c-00stmc01/
OS-1573,icons/permission/theophany-works/OS-1573.jpg,Permission:theophany-works,,https://theophanyworks.com/icon-of-st-christina-of-tyre-00stct01/
OS-1683,icons/permission/theophany-works/OS-1683.jpg,Permission:theophany-works,,https://theophanyworks.com/icon-of-st-lawrence-the-deacon-00stld01/
OS-1741,icons/permission/theophany-works/OS-1741.jpg,Permission:theophany-works,,https://theophanyworks.com/icon-of-st-andrew-the-general-00stag05/
OS-1764,icons/permission/theophany-works/OS-1764.jpg,Permission:theophany-works,,https://theophanyworks.com/icon-of-st-irenaeus-of-lyons-00stil01/
OS-1772,icons/permission/theophany-works/OS-1772.jpg,Permission:theophany-works,,https://theophanyworks.com/icon-of-st-kosmas-the-aetolian-00stka01/
OS-1801,icons/permission/theophany-works/OS-1801.jpg,Permission:theophany-works,,https://theophanyworks.com/icon-of-st-alexander-of-constantinople-00stac01/
OS-1904,icons/permission/theophany-works/OS-1904.jpg,Permission:theophany-works,,https://theophanyworks.com/copy-of-icon-of-st-stefan-the-first-crowned-of-serbia-00stls01/
OS-1929,icons/permission/theophany-works/OS-1929.jpg,Permission:theophany-works,,https://theophanyworks.com/icon-of-st-romanos-the-melodist-00strm01/
OS-1933,icons/permission/theophany-works/OS-1933.jpg,Permission:theophany-works,,https://theophanyworks.com/icon-of-st-john-koukouzeles-00stjk01/
OS-1971,icons/permission/theophany-works/OS-1971.jpg,Permission:theophany-works,,https://theophanyworks.com/icon-of-saint-bacchus-the-martyr-00stba05/
OS-1998,icons/permission/theophany-works/OS-1998.jpg,Permission:theophany-works,,https://theophanyworks.com/icon-of-st-philip-the-deacon-00stpd01/
OS-2014,icons/permission/theophany-works/OS-2014.jpg,Permission:theophany-works,,https://theophanyworks.com/icon-of-st-benjamin-the-deacon-00stbd01/
OS-2066,icons/permission/theophany-works/OS-2066.jpg,Permission:theophany-works,,https://theophanyworks.com/icon-of-st-james-the-just-macedonia-14th-c-00stja01/
OS-2083,icons/permission/theophany-works/OS-2083.jpg,Permission:theophany-works,,https://theophanyworks.com/icon-of-st-olga-of-alaska-healer-of-the-abused-and-broken-00stoa01/
OS-2201,icons/permission/theophany-works/OS-2201.jpg,Permission:theophany-works,,https://theophanyworks.com/icon-of-st-matthew-the-evangelist-21st-c-00stma01/
OS-2263,icons/permission/theophany-works/OS-2263.jpg,Permission:theophany-works,,https://theophanyworks.com/icon-of-st-stephen-the-new-21st-c-00stsn01/
OS-2277,icons/permission/theophany-works/OS-2277.jpg,Permission:theophany-works,,https://theophanyworks.com/icon-of-st-sebastian-of-jackson-00stsj01/
OS-2300,icons/permission/theophany-works/OS-2300.jpg,Permission:theophany-works,,https://theophanyworks.com/icon-of-st-john-of-damascus-00stjd01/
OS-2304,icons/permission/theophany-works/OS-2304.jpg,Permission:theophany-works,,https://theophanyworks.com/icon-of-st-savva-the-sanctified-00stss01/
OS-2333,icons/permission/theophany-works/OS-2333.jpg,Permission:theophany-works,,https://theophanyworks.com/icon-of-st-daniel-the-stylite-00stds02/
OS-2393,icons/permission/theophany-works/OS-2393.jpg,Permission:theophany-works,,https://theophanyworks.com/icon-of-st-ignatios-of-antioch-21st-c-00stia02/
OS-2408,icons/permission/theophany-works/OS-2408.jpg,Permission:theophany-works,,https://theophanyworks.com/icon-of-st-eugenia-of-rome-21st-c-00ster01/
OS-2584,icons/OS-2584.jpg,CC-BY-SA-4.0,"Litrian, via Wikimedia Commons",https://commons.wikimedia.org/wiki/File:%D0%98%D0%BE%D1%81%D0%B8%D1%84_%D0%98%D1%81%D0%B8%D1%85%D0%B0%D1%81%D1%82.jpg
OS-2588,icons/permission/theophany-works/OS-2588.jpg,Permission:theophany-works,,https://theophanyworks.com/icon-of-sts-ephraim-of-katounakia-joseph-the-hesychast-and-blessed-elder-ephraim-of-arizona-21st-c-00ssjh01/
OS-2589,icons/permission/theophany-works/OS-2589.jpg,Permission:theophany-works,,https://theophanyworks.com/icon-of-st-savas-of-kalymnos-00stsk01/
OS-2600,icons/permission/theophany-works/OS-2600.jpg,Permission:theophany-works,,https://theophanyworks.com/icon-of-st-nicholas-planas-00stnp01/
OS-2621,icons/permission/theophany-works/OS-2621.jpg,Permission:theophany-works,,https://theophanyworks.com/icon-of-st-paisius-olaru-of-sihastria-monastery-romania-00stpo01/
OS-2749,icons/permission/theophany-works/OS-2749.jpg,Permission:theophany-works,,https://theophanyworks.com/icon-of-st-paul-the-apostle-00stpa02/
OS-2751,icons/permission/theophany-works/OS-2751.jpg,Permission:theophany-works,,https://theophanyworks.com/icon-of-st-helen-00sthe01/
OS-2754,icons/permission/theophany-works/OS-2754.jpg,Permission:theophany-works,,https://theophanyworks.com/icon-of-st-mitrophan-of-beijing-00stld01/
OS-0000,icons/permission/theophany-works/OS-0000.jpg,Permission:theophany-works,,https://theophanyworks.com/icon-of-christ-pantocrator-bust-21st-c-00ljc021/
OS-2939,icons/permission/theophany-works/OS-2939.jpg,Permission:theophany-works,,https://theophanyworks.com/icon-of-sts-joachim-and-anna-00stjoan01/
OS-2750,icons/permission/theophany-works/OS-2750.jpg,Permission:theophany-works,,https://theophanyworks.com/icon-of-st-anna-00stan01/
OS-2938,icons/permission/theophany-works/OS-2938.jpg,Permission:theophany-works,,https://theophanyworks.com/icon-of-saints-peter-and-paul-the-apostles-00stpp01/
OS-1541,icons/OS-1541.jpg,PD-old,"Boasson & Eggler, 1913 · Library of Congress",https://commons.wikimedia.org/wiki/File:Family_Nicholas_II_of_Russia_ca._1914.jpg
OS-2958,icons/permission/theophany-works/OS-2958.jpg,Permission:theophany-works,,https://theophanyworks.com/icon-of-st-blane-of-bute-00stpo01/
OS-2967,icons/permission/theophany-works/OS-2967.jpg,Permission:theophany-works,,https://theophanyworks.com/icon-of-st-withburga-of-dereham-00stwd01/
OS-0053,icons/OS-0053.jpg,PD,,https://commons.wikimedia.org/wiki/File:Tikhon_of_Moscow.jpg
OS-0055,icons/OS-0055.jpg,PD,,https://commons.wikimedia.org/wiki/File:Raphael_of_Brooklyn.jpg
OS-0846,icons/OS-0846.jpg,PD,,https://commons.wikimedia.org/wiki/File:Nikolaj-Velimirovi%C4%87.jpg
OS-1109,icons/OS-1109.jpg,PD,"Narodowe Archiwum Cyfrowe (1-W-325), via Wikimedia Commons",https://commons.wikimedia.org/wiki/File:Bazyli_Martysz.png
OS-1125,icons/OS-1125.jpg,PD,,https://commons.wikimedia.org/wiki/File:Alexis_Toth.jpeg
OS-1579,icons/OS-1579.jpg,CC-BY-2.0,"Andrew Malone, via Wikimedia Commons",https://commons.wikimedia.org/wiki/File:Jakov_Netsvetov.jpg
OS-1894,icons/OS-1894.jpg,CC-BY-2.0,"Paul Drozdowski, via Wikimedia Commons",https://commons.wikimedia.org/wiki/File:Saint_Peter_the_Aleut.jpg
OS-1895,icons/OS-1895.jpg,CC-BY-SA-4.0,"Wolfymoza, via Wikimedia Commons",https://commons.wikimedia.org/wiki/File:Juvenaly_of_Alaska.JPG
OS-2120,icons/OS-2120.jpg,PD,,https://commons.wikimedia.org/wiki/File:%D0%98%D0%BE%D0%B0%D0%BD%D0%BD_%D0%9A%D0%BE%D1%87%D1%83%D1%80%D0%BE%D0%B2.jpg
OS-2299,icons/OS-2299.jpg,PD,,https://commons.wikimedia.org/wiki/File:Alexander_Hotovitsky.jpg
OS-2338,icons/OS-2338.jpg,PD,,https://commons.wikimedia.org/wiki/File:Mardarije_Uskokovi%C4%87_1889-1935.jpg
OS-0866,icons/permission/theophany-works/OS-0866.jpg,Permission:theophany-works,,https://theophanyworks.com/icon-of-st-nikon-of-sicily-21st-c-00stns01/
OS-1397,icons/permission/theophany-works/OS-1397.jpg,Permission:theophany-works,,https://theophanyworks.com/icon-of-st-nicholas-cabasilas-20th-c-00stnc04/
OS-1365,icons/permission/legacy-icons/OS-1365.jpg,Permission:legacy-icons,,https://legacyicons.com/saint-augustine-of-hippo-icon-s238/
OS-2026,icons/permission/legacy-icons/OS-2026.jpg,Permission:legacy-icons,,https://legacyicons.com/saint-longinus-the-centurion-sinai-icon-s502/
OS-1191,icons/permission/legacy-icons/OS-1191.jpg,Permission:legacy-icons,,https://legacyicons.com/saint-brendan-the-navigator-whirledge-icon-s602/
OS-1269,icons/permission/legacy-icons/OS-1269.jpg,Permission:legacy-icons,,https://legacyicons.com/saint-justin-martyr-the-philosopher-icon-s527/
OS-0822,icons/permission/legacy-icons/OS-0822.jpg,Permission:legacy-icons,,https://legacyicons.com/saint-benedict-of-nursia-xiiic-icon-s388/
OS-0090,icons/permission/legacy-icons/OS-0090.jpg,Permission:legacy-icons,,https://legacyicons.com/righteous-joshua-whirledge-icon-s606/
OS-2312,icons/permission/legacy-icons/OS-2312.jpg,Permission:legacy-icons,,https://legacyicons.com/saint-ambrose-of-milan-davidovskiy-icon-s566/
OS-0378,icons/permission/legacy-icons/OS-0378.jpg,Permission:legacy-icons,,https://legacyicons.com/saint-juliana-of-lazarevo-whirledge-icon-s596/
OS-0075,icons/permission/legacy-icons/OS-0075.jpg,Permission:legacy-icons,,https://legacyicons.com/saint-joseph-the-betrothed-vladmir-icon-s706/
OS-0081,icons/permission/legacy-icons/OS-0081.jpg,Permission:legacy-icons,,https://legacyicons.com/saint-genevieve-of-paris-icon-s472/
OS-0434,icons/permission/legacy-icons/OS-0434.jpg,Permission:legacy-icons,,https://legacyicons.com/saint-tatiana-of-rome-whirledge-icon-s611/
OS-0799,icons/permission/legacy-icons/OS-0799.jpg,Permission:legacy-icons,,https://legacyicons.com/40-martyrs-of-sebaste-icon-s101/
OS-0713,icons/permission/legacy-icons/OS-0713.jpg,Permission:legacy-icons,,https://legacyicons.com/saint-polycarp-of-smyrna-icon-s456/
OS-1320,icons/permission/legacy-icons/OS-1320.jpg,Permission:legacy-icons,,https://legacyicons.com/saint-columba-of-iona-icon-s454/
OS-0486,icons/permission/legacy-icons/OS-0486.jpg,Permission:legacy-icons,,https://legacyicons.com/saint-mark-of-ephesus-xixc-icon-s374/
OS-1812,icons/permission/legacy-icons/OS-1812.jpg,Permission:legacy-icons,,https://legacyicons.com/saint-aidan-of-lindisfarne-icon-s471/
OS-0074,icons/permission/legacy-icons/OS-0074.jpg,Permission:legacy-icons,,https://legacyicons.com/saint-ambrose-of-optina-davidovskiy-icon-s604/
OS-0568,icons/permission/legacy-icons/OS-0568.jpg,Permission:legacy-icons,,https://legacyicons.com/saints-cyrus-and-john-athos-icon-s570/
OS-0838,icons/permission/legacy-icons/OS-0838.jpg,Permission:legacy-icons,,https://legacyicons.com/alexis-the-man-of-god-athos-icon-s279/
OS-1137,icons/permission/legacy-icons/OS-1137.jpg,Permission:legacy-icons,,https://legacyicons.com/apostle-simon-the-zealot-koufos-icon-s618/
OS-0418,icons/permission/legacy-icons/OS-0418.jpg,Permission:legacy-icons,,https://legacyicons.com/saint-philip-of-moscow-whirledge-icon-s680/
OS-0809,icons/permission/legacy-icons/OS-0809.jpg,Permission:legacy-icons,,https://legacyicons.com/sophronius-of-jerusalem-athos-icon-s319/
OS-0975,icons/permission/legacy-icons/OS-0975.jpg,Permission:legacy-icons,,https://legacyicons.com/saint-antipas-of-pergamum-sinai-icon-s155/
OS-0907,icons/permission/legacy-icons/OS-0907.jpg,Permission:legacy-icons,,https://legacyicons.com/hypatius-of-gangra-athos-icon-s300/
OS-1499,icons/permission/legacy-icons/OS-1499.jpg,Permission:legacy-icons,,https://legacyicons.com/pancratius-of-taormina-athos-icon-s318/
OS-1025,icons/permission/legacy-icons/OS-1025.jpg,Permission:legacy-icons,,https://legacyicons.com/saint-theodore-the-trichinas-athos-icon-s513/
OS-1116,icons/permission/legacy-icons/OS-1116.jpg,Permission:legacy-icons,,https://legacyicons.com/saint-monica-mother-of-augustine-icon-s257/
OS-2752,icons/permission/legacy-icons/OS-2752.jpg,Permission:legacy-icons,,https://legacyicons.com/righteous-elizabeth-mother-of-the-forerunner-icon-s339/
OS-2008,icons/permission/legacy-icons/OS-2008.jpg,Permission:legacy-icons,,https://legacyicons.com/saint-martin-of-tours-xvc-icon-s395/
OS-2342,icons/permission/legacy-icons/OS-2342.jpg,Permission:legacy-icons,,https://legacyicons.com/saint-lucia-of-syracuse-fiorenzo-icon-s652/
OS-1081,icons/permission/legacy-icons/OS-1081.jpg,Permission:legacy-icons,,https://legacyicons.com/apostle-james-zebedee-clark-icon-s207/
OS-1782,icons/permission/legacy-icons/OS-1782.jpg,Permission:legacy-icons,,https://legacyicons.com/saints-adrian-and-natalia-stryzhak-icon-s460/
OS-1611,icons/permission/legacy-icons/OS-1611.jpg,Permission:legacy-icons,,https://legacyicons.com/saint-valentine-bishop-of-terni-icon-s457/
OS-1384,icons/permission/legacy-icons/OS-1384.jpg,Permission:legacy-icons,,https://legacyicons.com/apostle-jude-thaddeus-icon-s487/
OS-1330,icons/permission/legacy-icons/OS-1330.jpg,Permission:legacy-icons,,https://legacyicons.com/apostle-bartholomew-clark-icon-s241/
OS-0723,icons/permission/legacy-icons/OS-0723.jpg,Permission:legacy-icons,,https://legacyicons.com/saint-porphyrios-of-gaza-icon-s189/
OS-1533,icons/permission/legacy-icons/OS-1533.jpg,Permission:legacy-icons,,https://legacyicons.com/saints-cyricus-and-julitta-xixc-icon-s365/
OS-0236,icons/permission/legacy-icons/OS-0236.jpg,Permission:legacy-icons,,https://legacyicons.com/saints-boris-and-gleb-xivc-icon-s478/
OS-0650,icons/permission/legacy-icons/OS-0650.jpg,Permission:legacy-icons,,https://legacyicons.com/saint-martinian-of-caesarea-athos-icon-s280/
OS-1039,icons/permission/legacy-icons/OS-1039.jpg,Permission:legacy-icons,,https://legacyicons.com/saint-theodore-of-sykeon-athos-icon-s512/
OS-0376,icons/permission/legacy-icons/OS-0376.jpg,Permission:legacy-icons,,https://legacyicons.com/sylvester-of-rome-athos-icon-s311/
OS-2984,icons/permission/legacy-icons/OS-2984.jpg,Permission:legacy-icons,,https://legacyicons.com/saint-dymphna-of-gheel-xxic-icon-s574/
OS-0148,icons/permission/legacy-icons/OS-0148.jpg,Permission:legacy-icons,,https://legacyicons.com/saint-phoebe-the-deaconess-icon-s579/
OS-2563,icons/permission/legacy-icons/OS-2563.jpg,Permission:legacy-icons,,https://legacyicons.com/righteous-esther-icon-s548/
OS-2355,icons/permission/legacy-icons/OS-2355.jpg,Permission:legacy-icons,,https://legacyicons.com/righteous-rebecca-whirledge-icon-s612/
OS-2359,icons/permission/legacy-icons/OS-2359.jpg,Permission:legacy-icons,,https://legacyicons.com/righteous-ruth-whirledge-icon-s584/
OS-2714,icons/permission/legacy-icons/OS-2714.jpg,Permission:legacy-icons,,https://legacyicons.com/saint-dunstan-of-canterbury-xxic-icon-s575/
OS-2587,icons/permission/legacy-icons/OS-2587.jpg,Permission:legacy-icons,,https://legacyicons.com/saint-sophrony-of-essex-icon-s567/
OS-1564,icons/permission/legacy-icons/OS-1564.jpg,Permission:legacy-icons,,https://legacyicons.com/prophet-ezekiel-koufos-icon-s394/
OS-1563,icons/permission/legacy-icons/OS-1563.jpg,Permission:legacy-icons,,https://legacyicons.com/prophet-and-high-priest-aaron-athos-icon-s288/
OS-2357,icons/permission/legacy-icons/OS-2357.jpg,Permission:legacy-icons,,https://legacyicons.com/prophet-solomon-koufos-icon-s150/
OS-1982,icons/permission/legacy-icons/OS-1982.jpg,Permission:legacy-icons,,https://legacyicons.com/apostle-james-alphaeus-koufos-icon-s628/
OS-2042,icons/permission/legacy-icons/OS-2042.jpg,Permission:legacy-icons,,https://legacyicons.com/prophet-joel-icon-s147/
OS-1508,icons/permission/legacy-icons/OS-1508.jpg,Permission:legacy-icons,,https://legacyicons.com/saint-joseph-of-damascus-icon-s577/
OS-1810,icons/permission/legacy-icons/OS-1810.jpg,Permission:legacy-icons,,https://legacyicons.com/saint-cyprian-of-carthage-icon-s465/
OS-1676,icons/permission/legacy-icons/OS-1676.jpg,Permission:legacy-icons,,https://legacyicons.com/apostle-matthias-clark-icon-s250/
OS-2259,icons/permission/legacy-icons/OS-2259.jpg,Permission:legacy-icons,,https://legacyicons.com/saint-james-the-persian-athos-icon-s282/
OS-0506,icons/permission/legacy-icons/OS-0506.jpg,Permission:legacy-icons,,https://legacyicons.com/saint-agnes-of-rome-davidovskiy-icon-s564/
OS-0777,icons/permission/legacy-icons/OS-0777.jpg,Permission:legacy-icons,,https://legacyicons.com/saint-conon-the-gardener-xixc-icon-s561/
OS-1617,icons/permission/legacy-icons/OS-1617.jpg,Permission:legacy-icons,,https://legacyicons.com/saint-benjamin-of-petrograd-whirledge-icon-s678/
OS-2180,icons/permission/legacy-icons/OS-2180.jpg,Permission:legacy-icons,,https://legacyicons.com/saint-theodore-the-studite-athos-icon-s515/
OS-1942,icons/permission/legacy-icons/OS-1942.jpg,Permission:legacy-icons,,https://legacyicons.com/dionysius-the-areopagite-athos-icon-s322/
OS-2252,icons/permission/legacy-icons/OS-2252.jpg,Permission:legacy-icons,,https://legacyicons.com/peter-of-alexandria-athos-icon-s309/
OS-0150,icons/permission/legacy-icons/OS-0150.jpg,Permission:legacy-icons,,https://legacyicons.com/anthimus-of-nicomedia-athos-icon-s298/
OS-1465,icons/permission/legacy-icons/OS-1465.jpg,Permission:legacy-icons,,https://legacyicons.com/anatolius-of-constantinople-athos-icon-s313/
OS-0424,icons/permission/legacy-icons/OS-0424.jpg,Permission:legacy-icons,,https://legacyicons.com/marcian-of-constantinople-the-presbyter-athos-icon-s296/
OS-2592,icons/permission/legacy-icons/OS-2592.jpg,Permission:legacy-icons,,https://legacyicons.com/saint-gabriel-the-fool-for-christ-whirledge-icon-s598/
OS-1559,icons/permission/legacy-icons/OS-1559.jpg,Permission:legacy-icons,,https://legacyicons.com/saint-maria-of-paris-icon-s576/
OS-2231,icons/permission/legacy-icons/OS-2231.jpg,Permission:legacy-icons,,https://legacyicons.com/saint-cecilia-icon-s578/
OS-1435,icons/permission/legacy-icons/OS-1435.jpg,Permission:legacy-icons,,https://legacyicons.com/saint-joanna-icon-s499/
OS-2251,icons/permission/legacy-icons/OS-2251.jpg,Permission:legacy-icons,,https://legacyicons.com/saint-clement-of-rome-xviic-icon-s364/
OS-1639,icons/permission/legacy-icons/OS-1639.jpg,Permission:legacy-icons,,https://legacyicons.com/seven-sleepers-of-ephesus-athos-icon-s345/
OS-0616,icons/permission/legacy-icons/OS-0616.jpg,Permission:legacy-icons,,https://legacyicons.com/prophet-zechariah-koufos-icon-s402/
OS-1128,icons/permission/legacy-icons/OS-1128.jpg,Permission:legacy-icons,,https://legacyicons.com/saint-john-of-zedazeni-and-his-disciples-icon-s629/
OS-1853,icons/permission/legacy-icons/OS-1853.jpg,Permission:legacy-icons,,https://legacyicons.com/saint-ludmila-of-bohemia-whirledge-icon-s670/
OS-1988,icons/permission/legacy-icons/OS-1988.jpg,Permission:legacy-icons,,https://legacyicons.com/saint-denis-of-paris-whirledge-icon-s661/
OS-0518,icons/permission/legacy-icons/OS-0518.jpg,Permission:legacy-icons,,https://legacyicons.com/clement-of-ancyra-athos-icon-s299/
OS-1147,icons/permission/legacy-icons/OS-1147.jpg,Permission:legacy-icons,,https://legacyicons.com/saint-rastislav-of-moravia-davidovskiy-icon-s537/
OS-2419,icons/permission/legacy-icons/OS-2419.jpg,Permission:legacy-icons,,https://legacyicons.com/saint-theodore-the-branded-athos-icon-s516/
OS-1279,icons/permission/legacy-icons/OS-1279.jpg,Permission:legacy-icons,,https://legacyicons.com/metrophanes-of-constantinople-athos-icon-s316/
OS-1144,icons/permission/legacy-icons/OS-1144.jpg,Permission:legacy-icons,,https://legacyicons.com/mocius-of-amphipolis-athos-icon-s304/
